{
  "basePP": {
    "duty_cycle": 0.5,
    "t_sense": 0.0521,
    "t_backoff": 0.0219,
    "t_listen": 0.016,
    "t_data": 0.0521,
    "t_signal": 0.00521,
    "n_regions": 4,
    "n_max_coll": 6,
    "n_max_sensing": 10,
    "n_max_sink_rts": 10,
    "n_max_pkt": 3,
    "n_max_region_cycle": 1,
    "t_delta": 1E-05,
    "protocolVersion": "Base",
    "t_sleep": 0.016,
    "t_cycle": 0.032,
    "t_busy": 1.4120300000000001
  },
  "baseSP": {
    "max_time": 50.0,
    "area_side": 100,
    "range": 20.0,
    "min_distance": 2.0,
    "emptyRegionType": 0,
    "emptyRegionSize": 0.0,
    "n_nodes": 200,
    "packet_rate": 5.0,
    "skipCycleEvents": true,
    "debug_interval": 1.0,
    "debugType": 0,
    "debug_file": "../../graphic_debug/debug_data.js"
  },
  "dutyLambdas": null,
  "lambdaNs": null,
  "donuts": [
    {
      "protocolVersion": "Base",
      "delay": [
        0.018420228168870411,
        0.019785280639656358,
        0.020849315136628459,
        0.020469182244357509,
        0.020682964735569666,
        0.020881243859336696,
        0.02160657399942988,
        0.020938103226688785,
        0.020325905430058921,
        0.019933269975309621,
        0.020576568447712062,
        0.022034699392079651,
        0.021510525024982845,
        0.022017307891022346,
        0.019865407465697277,
        0.020719312190773158,
        0.020688832975170539,
        0.021014890307084214,
        0.019871031880212092,
        0.019907692318021065,
        0.021014095799548889,
        0.018945597127292303,
        0.021201448732111772,
        0.019169992685307634,
        0.020011279085565,
        0.019764148702189573,
        0.020772569930962072,
        0.021093886307676959,
        0.020370905922414476,
        0.022234432316839827,
        0.019749701718612237,
        0.021796582575773927,
        0.021530122770167987,
        0.019994228346785946,
        0.020796713412501337,
        0.022439159250245373,
        0.021273387814008397,
        0.022155864565328851,
        0.019115847890600009,
        0.020601050901830245,
        0.019714392749588083,
        0.019972571635223098,
        0.021192857206190376,
        0.022400312388800508,
        0.020369759051270895,
        0.020591640666577673,
        0.019641861854472722,
        0.019875467783391557,
        0.020807188019749557,
        0.021864049679037482
      ],
      "success": [
        0.70781892538070679,
        0.60323888063430786,
        0.64800000190734863,
        0.70386266708374023,
        0.82564103603363037,
        0.66007906198501587,
        0.658730149269104,
        0.74439460039138794,
        0.641791045665741,
        0.634782612323761,
        0.67346936464309692,
        0.699999988079071,
        0.65682655572891235,
        0.71020406484603882,
        0.67078191041946411,
        0.6086956262588501,
        0.68539327383041382,
        0.66798418760299683,
        0.70399999618530273,
        0.66015625,
        0.71365636587142944,
        0.65737050771713257,
        0.63636362552642822,
        0.68482488393783569,
        0.69298243522644043,
        0.7053942084312439,
        0.62396693229675293,
        0.68442624807357788,
        0.668067216873169,
        0.67984187602996826,
        0.66666668653488159,
        0.70781892538070679,
        0.63846153020858765,
        0.72767859697341919,
        0.68093383312225342,
        0.69198310375213623,
        0.59051722288131714,
        0.670412003993988,
        0.69266057014465332,
        0.625,
        0.69642859697341919,
        0.72727274894714355,
        0.7125505805015564,
        0.69196426868438721,
        0.678966760635376,
        0.7023809552192688,
        0.62055337429046631,
        0.70192307233810425,
        0.59090906381607056,
        0.6978723406791687
      ],
      "energy": [
        27.192995173354305,
        27.636982937387259,
        27.675863947362213,
        27.701718013845849,
        27.131051187720765,
        27.902046271556202,
        27.913952376094986,
        27.454443814444026,
        27.992857290533024,
        27.87424298755003,
        27.645576278665022,
        27.883980171375725,
        27.90406751703561,
        27.894777672709942,
        27.478863314368553,
        27.834850467582825,
        27.685184539418056,
        27.794606479791085,
        27.678697553414821,
        27.931998407487658,
        27.268997041557714,
        27.575395452101578,
        27.998132247203856,
        27.860165718347826,
        27.420458269193631,
        27.548623715591347,
        27.402799122832356,
        27.575441372087361,
        27.650865596984417,
        27.894394459297505,
        27.95031194710511,
        27.845270062420887,
        28.139755682090989,
        27.370236734115267,
        27.692306617647979,
        27.555514255367274,
        28.260423224271086,
        28.140951280229473,
        27.3459980879374,
        27.738937835936404,
        27.541975305503797,
        27.56750604301504,
        27.684972968298759,
        27.818693708339818,
        27.461072992427468,
        28.056394077152419,
        27.786499572086967,
        27.349071207839319,
        28.057164156095233,
        27.964303926979351
      ]
    },
    {
      "protocolVersion": "Plus",
      "delay": [
        0.019593631636800762,
        0.018529551913810421,
        0.022919056261051788,
        0.020762698328696483,
        0.02120225463956343,
        0.020185456549284136,
        0.019565817621779974,
        0.019811791841181939,
        0.023384496848988159,
        0.021561393570584935,
        0.021521330631078302,
        0.022693691316621328,
        0.021039130534725163,
        0.020564340387441052,
        0.021669584297194948,
        0.018286419633682677,
        0.0202157026790968,
        0.019804889785966805,
        0.020364952402664432,
        0.020593480269124057,
        0.020814783823373283,
        0.021489508236915745,
        0.019570283187929437,
        0.023117704740413157,
        0.020374724983495397,
        0.019296598455021369,
        0.019610405907466384,
        0.019425064941343696,
        0.0189086548142333,
        0.020838029540913038,
        0.018945644822816642,
        0.022204154593171207,
        0.022299324168561011,
        0.020941214840312177,
        0.019188930792579249,
        0.020636377803742178,
        0.020760938961498436,
        0.02262837961292145,
        0.020307991973258537,
        0.020159682433246257,
        0.019925827727532281,
        0.021014982022556885,
        0.022263588944648784,
        0.019135397538346931,
        0.02435309177893414,
        0.020060411733491275,
        0.018245775490611994,
        0.019044213793085695,
        0.022357217303589871,
        0.021869295252429619
      ],